suburb,lga
abbotsford,Yarra
aberfeldie,Moonee Valley
adams estate,Bass Coast
airport west,Brimbank
albanvale,Brimbank
albert park,Port Phillip
albion,Brimbank
alphington,Darebin
altona,Hobsons Bay
altona meadows,Hobsons Bay
altona north,Hobsons Bay
ardeer,Brimbank
armadale,Stonnington
ascot vale,Maribyrnong
ashbourne,Macedon Ranges
ashburton,Boroondara
ashwood,Boroondara
aspendale,Kingston
aspendale gardens,Kingston
attwood,Hume
avondale heights,Moonee Valley
avonsleigh,Cardinia
bacchus marsh,Greater Geelong
badger creek,Murrindindi
balaclava,Glen Eira
balwyn,Boroondara
balwyn north,Boroondara
bangholme,Greater Dandenong
bayles,Baw Baw
bayswater,Knox
bayswater north,Knox
beaconsfield,Cardinia
beaconsfield upper,Cardinia
beaumaris,Bayside
beenak,Yarra Ranges
belgrave,Yarra Ranges
belgrave heights,Yarra Ranges
belgrave south,Yarra Ranges
bellfield,Banyule
bend of islands,Nillumbik
benloch,Macedon Ranges
bentleigh,Glen Eira
bentleigh east,Glen Eira
berwick,Casey
beveridge,Mitchell
big pats creek,Yarra Ranges
black rock,Bayside
blackburn,Whitehorse
blackburn north,Whitehorse
blackburn south,Whitehorse
blind bight,Cardinia
bolinda,Macedon Ranges
bonbeach,Kingston
boronia,Knox
box hill,Whitehorse
box hill north,Whitehorse
box hill south,Whitehorse
braybrook,Maribyrnong
briar hill,Banyule
brighton,Bayside
brighton east,Bayside
broadford,Mitchell
broadmeadows,Hume
brookfield,Melton
brooklyn,Brimbank
brunswick,Moreland
brunswick east,Moreland
brunswick west,Moreland
bulla,Hume
bulleen,Manningham
bullengarook,Macedon Ranges
bundoora,Banyule
bunyip,Cardinia
bunyip north,Cardinia
burnley,Yarra
burnside,Brimbank
burnside heights,Brimbank
burwood,Monash
burwood east,Whitehorse
cairnlea,Brimbank
caldermeade,Bass Coast
camberwell,Boroondara
campbellfield,Hume
canterbury,Boroondara
cardinia,Cardinia
carlsruhe,Macedon Ranges
carlton,Melbourne
carlton north,Melbourne
carnegie,Glen Eira
caroline springs,Brimbank
castella,Murrindindi
catani,Baw Baw
caulfield,Glen Eira
caulfield east,Glen Eira
caulfield north,Glen Eira
caulfield south,Glen Eira
chadstone,Monash
chelsea,Kingston
chelsea heights,Kingston
cheltenham,Bayside
cherokee,Macedon Ranges
chintin,Macedon Ranges
chirnside park,Yarra Ranges
christmas hills,Nillumbik
chum creek,Murrindindi
clarinda,Kingston
clarkefield,Hume
clayton,Monash
clayton south,Kingston
clematis,Cardinia
clifton hill,Moreland
clonbinane,Mitchell
clyde,Cardinia
clyde north,Cardinia
cobaw,Macedon Ranges
cobblebank,Melton
coburg,Moreland
coburg north,Moreland
cockatoo,Cardinia
coimadai,Greater Geelong
coldstream,Yarra Ranges
collingwood,Yarra
coolaroo,Hume
cora lynn,Cardinia
corinella,Bass Coast
coronet bay,Bass Coast
cottles bridge,Nillumbik
craigieburn,Hume
cremorne,Yarra
croydon,Maroondah
croydon hills,Maroondah
croydon north,Maroondah
dales creek,Moorabool
dallas,Hume
dalmore,Baw Baw
dandenong,Greater Dandenong
dandenong north,Greater Dandenong
darley,Greater Geelong
darraweit guim,Macedon Ranges
deepdene,Boroondara
delahey,Brimbank
derrimut,Brimbank
dewhurst,Cardinia
diamond creek,Nillumbik
diggers rest,Hume
dingley village,Greater Dandenong
dixons creek,Nillumbik
docklands,Melbourne
don valley,Yarra Ranges
doncaster,Manningham
doncaster east,Manningham
donvale,Manningham
doreen,Nillumbik
doveton,Casey
eaglemont,Banyule
east melbourne,Melbourne
east warburton,Yarra Ranges
eden park,Murrindindi
edithvale,Kingston
elsternwick,Glen Eira
eltham,Banyule
eltham north,Banyule
elwood,Port Phillip
emerald,Cardinia
endeavour hills,Casey
epping,Whittlesea
essendon,Moonee Valley
essendon north,Moonee Valley
essendon west,Moonee Valley
eumemmerring,Casey
eynesbury,Melton
fairfield,Darebin
fawkner,Hume
ferntree gully,Casey
ferny creek,Yarra Ranges
fitzroy,Yarra
fitzroy north,Moreland
flemington,Melbourne
flowerdale,Mitchell
footscray,Maribyrnong
forest hill,Manningham
gardenvale,Glen Eira
garfield,Cardinia
garfield north,Cardinia
gembrook,Cardinia
gilderoy,Yarra Ranges
gisborne,Macedon Ranges
gisborne south,Macedon Ranges
gladstone park,Brimbank
gladysdale,Yarra Ranges
glen huntly,Glen Eira
glen iris,Boroondara
glen waverley,Monash
glenroy,Moreland
goldie,Macedon Ranges
gowanbrae,Brimbank
grantville,Bass Coast
greendale,Moorabool
greensborough,Banyule
greenvale,Hume
gruyere,Yarra Ranges
guys hill,Cardinia
hadfield,Moreland
hallam,Casey
hampton,Bayside
hampton east,Bayside
hampton park,Casey
harkness,Melton
hawthorn,Boroondara
hawthorn east,Boroondara
healesville,Murrindindi
heath hill,Baw Baw
heathcote junction,Mitchell
heatherton,Kingston
heathmont,Maroondah
heidelberg,Banyule
heidelberg heights,Banyule
heidelberg west,Banyule
hesket,Macedon Ranges
hidden valley,Macedon Ranges
highett,Bayside
hillside,Brimbank
hoddles creek,Yarra Ranges
hoppers crossing,Melton
hughesdale,Monash
humevale,Murrindindi
huntingdale,Monash
hurstbridge,Nillumbik
iona,Cardinia
ivanhoe,Banyule
ivanhoe east,Banyule
jacana,Hume
jam jerrup,Bass Coast
kallista,Yarra Ranges
kalorama,Yarra Ranges
kangaroo ground,Nillumbik
kealba,Brimbank
keilor,Brimbank
keilor downs,Brimbank
keilor east,Brimbank
keilor lodge,Brimbank
keilor park,Brimbank
kensington,Melbourne
kerrie,Macedon Ranges
kew,Boroondara
kew east,Boroondara
keysborough,Greater Dandenong
kilmore,Mitchell
kilmore east,Mitchell
kilsyth,Maroondah
kilsyth south,Maroondah
kinglake,Murrindindi
kinglake central,Murrindindi
kinglake west,Murrindindi
kings park,Brimbank
kingsbury,Banyule
kingsville,Brimbank
knoxfield,Knox
koo wee rup,Baw Baw
kooyong,Stonnington
kurunjang,Melton
labertouche,Baw Baw
lalor,Whittlesea
lancefield,Macedon Ranges
lang lang,Bass Coast
lang lang east,Bass Coast
launching place,Yarra Ranges
laverton,Hobsons Bay
lilydale,Yarra Ranges
little river,Greater Geelong
longwarry,Baw Baw
longwarry north,Baw Baw
lower plenty,Banyule
lynbrook,Casey
lyndhurst,Casey
lysterfield,Casey
lysterfield south,Casey
macedon,Macedon Ranges
macleod,Banyule
maddingley,Greater Geelong
maidstone,Brimbank
malvern,Stonnington
malvern east,Glen Eira
manor lakes,Melton
maribyrnong,Maribyrnong
maryknoll,Cardinia
mckinnon,Glen Eira
mcmahons creek,Yarra Ranges
meadow heights,Hume
melbourne,Melbourne
melbourne 3004,Melbourne
melton,Melton
melton south,Melton
melton west,Melton
mentone,Kingston
menzies creek,Cardinia
mernda,Nillumbik
merrimu,Greater Geelong
middle park,Port Phillip
mill park,Whittlesea
millgrove,Yarra Ranges
mitcham,Whitehorse
modella,Baw Baw
monbulk,Yarra Ranges
mont albert,Boroondara
mont albert north,Whitehorse
montmorency,Banyule
montrose,Yarra Ranges
moonee ponds,Moonee Valley
moorabbin,Kingston
mooroolbark,Yarra Ranges
mordialloc,Kingston
mount burnett,Cardinia
mount cottrell,Melton
mount dandenong,Yarra Ranges
mount evelyn,Yarra Ranges
mount macedon,Macedon Ranges
mount toolebewong,Murrindindi
mount waverley,Monash
mulgrave,Monash
murrumbeena,Glen Eira
myrniong,Moorabool
nangana,Cardinia
nar nar goon,Cardinia
nar nar goon north,Cardinia
narbethong,Murrindindi
narre warren,Casey
narre warren east,Casey
narre warren north,Casey
new gisborne,Macedon Ranges
newham,Macedon Ranges
newport,Hobsons Bay
niddrie,Brimbank
noble park,Greater Dandenong
noojee,Baw Baw
north melbourne,Melbourne
north warrandyte,Manningham
northcote,Darebin
notting hill,Monash
nulla vale,Macedon Ranges
nunawading,Manningham
nutfield,Nillumbik
nyora,Cardinia
oak park,Moreland
oaklands junction,Hume
oakleigh,Monash
oakleigh east,Monash
oakleigh south,Kingston
officer,Cardinia
officer south,Cardinia
olinda,Yarra Ranges
ormond,Glen Eira
pakenham,Cardinia
panton hill,Nillumbik
park orchards,Manningham
parkdale,Kingston
parkville,Melbourne
pascoe vale,Moreland
pascoe vale south,Moreland
pheasant creek,Murrindindi
pioneer bay,Bass Coast
plenty,Nillumbik
plumpton,Melton
point cook,Brimbank
port melbourne,Melbourne
powelltown,Yarra Ranges
prahran,Port Phillip
preston,Darebin
preston west,Darebin
princes hill,Melbourne
reedy creek,Mitchell
reefton,Yarra Ranges
research,Banyule
reservoir,Darebin
richmond,Yarra
riddells creek,Macedon Ranges
ringwood,Manningham
ringwood east,Maroondah
ringwood north,Manningham
rochford,Macedon Ranges
rockbank,Melton
romsey,Macedon Ranges
rosanna,Banyule
rowville,Knox
sandringham,Bayside
sassafras,Yarra Ranges
scoresby,Knox
seabrook,Hobsons Bay
seaholme,Hobsons Bay
seddon,Maribyrnong
selby,Cardinia
seville,Yarra Ranges
seville east,Yarra Ranges
sherbrooke,Yarra Ranges
silvan,Yarra Ranges
smiths gully,Nillumbik
south kingsville,Hobsons Bay
south melbourne,Port Phillip
south morang,Whittlesea
south yarra,Melbourne
southbank,Melbourne
spotswood,Hobsons Bay
springvale,Greater Dandenong
springvale south,Greater Dandenong
st albans,Brimbank
st helena,Banyule
st kilda,Port Phillip
st kilda east,Glen Eira
st kilda west,Port Phillip
staughton vale,Greater Geelong
steels creek,Nillumbik
strath creek,Mitchell
strathewen,Nillumbik
strathmore,Moonee Valley
strathtulloh,Melton
sugarloaf creek,Mitchell
sunbury,Hume
sunday creek,Mitchell
sunshine,Brimbank
sunshine north,Brimbank
sunshine west,Brimbank
surrey hills,Boroondara
tanjil bren,Baw Baw
tarneit,Melton
taylors lakes,Brimbank
tecoma,Yarra Ranges
templestowe,Manningham
templestowe lower,Manningham
tenby point,Bass Coast
the basin,Knox
the gurdies,Bass Coast
the patch,Yarra Ranges
thomastown,Whittlesea
thornbury,Darebin
thornhill park,Melton
three bridges,Yarra Ranges
tonimbuk,Cardinia
toolangi,Murrindindi
toolern vale,Melton
tooradin,Cardinia
toorak,Stonnington
travancore,Maribyrnong
tremont,Yarra Ranges
tullamarine,Brimbank
tyaak,Mitchell
tynong,Cardinia
tynong north,Cardinia
upper ferntree gully,Casey
upper plenty,Macedon Ranges
upwey,Yarra Ranges
vermont,Maroondah
vermont south,Maroondah
vesper,Baw Baw
viewbank,Banyule
wallan,Macedon Ranges
wandin east,Yarra Ranges
wandin north,Yarra Ranges
wandong,Mitchell
wantirna,Knox
wantirna south,Knox
warburton,Yarra Ranges
warneet,Cardinia
warrandyte,Manningham
warranwood,Manningham
waterford park,Mitchell
waterways,Kingston
watsonia,Banyule
watsonia north,Banyule
wattle glen,Nillumbik
weir views,Melton
wesburn,Yarra Ranges
west footscray,Brimbank
west melbourne,Melbourne
westmeadows,Hume
wheelers hill,Monash
whittlesea,Murrindindi
williams landing,Wyndham
williamstown,Hobsons Bay
willowmavin,Mitchell
windsor,Port Phillip
wollert,Whittlesea
wonga park,Manningham
woodend,Macedon Ranges
woodend north,Macedon Ranges
woodstock,Whittlesea
woori yallock,Yarra Ranges
wyndham vale,Melton
yallambie,Banyule
yan yean,Whittlesea
yannathan,Cardinia
yarra glen,Nillumbik
yarra junction,Yarra Ranges
yarrambat,Nillumbik
yarraville,Maribyrnong
yellingbo,Yarra Ranges
yering,Yarra Ranges
yuroke,Hume
